review,sentiment
Absolutely love this product!,1
"Amazing experience, highly recommend.",1
Complete waste of money.,0
Would not recommend.,0
Not satisfied at all.,0
Very good quality.,1
"Product works great, no issues.",1
Complete waste of money.,0
"Amazing experience, highly recommend.",1
Top-notch service and quality.,1
"Item as described, very pleased.",1
Not satisfied at all.,0
Poor customer service.,0
Very good quality.,1
"Terrible, broke after one use.",0
I will definitely buy again.,1
Very disappointed.,0
Product arrived damaged.,0
Product arrived damaged.,0
Great purchase!,1
Exceeded my expectations!,1
Exceeded my expectations!,1
"Super fast delivery, very happy.",1
Didn't work as expected.,0
Poor customer service.,0
Great purchase!,1
Very disappointed.,0
"Item as described, very pleased.",1
Horrible quality.,0
Complete waste of money.,0
Great purchase!,1
Would not recommend.,0
Great purchase!,1
"Amazing experience, highly recommend.",1
Not worth the money.,0
Very good quality.,1
Very disappointed.,0
Very disappointed.,0
Horrible quality.,0
"Super fast delivery, very happy.",1
"Super fast delivery, very happy.",1
"Terrible, broke after one use.",0
"Super fast delivery, very happy.",1
Would not recommend.,0
"Product works great, no issues.",1
Would not recommend.,0
Very good quality.,1
"Product works great, no issues.",1
Not satisfied at all.,0
Not satisfied at all.,0
Complete waste of money.,0
Complete waste of money.,0
"Amazing experience, highly recommend.",1
Very disappointed.,0
"Amazing experience, highly recommend.",1
Not satisfied at all.,0
Horrible quality.,0
I will definitely buy again.,1
Very disappointed.,0
Absolutely love this product!,1
Exceeded my expectations!,1
Exceeded my expectations!,1
"Product works great, no issues.",1
Very good quality.,1
"Item as described, very pleased.",1
Would not recommend.,0
Very disappointed.,0
Top-notch service and quality.,1
Horrible quality.,0
I will definitely buy again.,1
"Amazing experience, highly recommend.",1
"Terrible, broke after one use.",0
Very disappointed.,0
Would not recommend.,0
Didn't work as expected.,0
Great purchase!,1
Product arrived damaged.,0
Would not recommend.,0
Exceeded my expectations!,1
"Terrible, broke after one use.",0
Would not recommend.,0
Poor customer service.,0
"Product works great, no issues.",1
Exceeded my expectations!,1
Top-notch service and quality.,1
Poor customer service.,0
Would not recommend.,0
Complete waste of money.,0
Absolutely love this product!,1
Poor customer service.,0
Very disappointed.,0
"Amazing experience, highly recommend.",1
I will definitely buy again.,1
"Amazing experience, highly recommend.",1
Top-notch service and quality.,1
"Amazing experience, highly recommend.",1
Poor customer service.,0
I will definitely buy again.,1
"Item as described, very pleased.",1
"Terrible, broke after one use.",0
